Player,Spotrac_ID,Team,Salary
Jerryd Bayless,http://www.spotrac.com/redirect/player/6150/,PHI,9424084
Gerald Henderson,http://www.spotrac.com/redirect/player/6275/,PHI,9000000
Tiago Splitter,http://www.spotrac.com/redirect/player/7119/,PHI,8550000
Sergio Rodriguez,http://www.spotrac.com/redirect/player/2682/,PHI,8000000
Ben Simmons,http://www.spotrac.com/redirect/player/20206/,PHI,5903160
Joel Embiid,http://www.spotrac.com/redirect/player/15355/,PHI,4826160
Jahlil Okafor,http://www.spotrac.com/redirect/player/17831/,PHI,4788840
Nik Stauskas,http://www.spotrac.com/redirect/player/15360/,PHI,2993040
Dario Saric,http://www.spotrac.com/redirect/player/15364/,PHI,2318280
Justin Anderson,http://www.spotrac.com/redirect/player/17849/,PHI,1514160
Timothe Luwawu-Cabarrot,http://www.spotrac.com/redirect/player/20229/,PHI,1326960
Richaun Holmes,http://www.spotrac.com/redirect/player/17865/,PHI,1025831
Robert Covington,http://www.spotrac.com/redirect/player/13379/,PHI,1015696
T.J. McConnell,http://www.spotrac.com/redirect/player/18252/,PHI,874636
Shawn Long,http://www.spotrac.com/redirect/player/20287/,PHI,89513
Alex Poythress,http://www.spotrac.com/redirect/player/20970/,PHI,6394
Kevin Durant,http://www.spotrac.com/redirect/player/2717/,GSW,26540100
Klay Thompson,http://www.spotrac.com/redirect/player/8062/,GSW,16663575
Draymond Green,http://www.spotrac.com/redirect/player/10860/,GSW,15330435
Stephen Curry,http://www.spotrac.com/redirect/player/6287/,GSW,12112359
Andre Iguodala,http://www.spotrac.com/redirect/player/2652/,GSW,11131368
Shaun Livingston,http://www.spotrac.com/redirect/player/2477/,GSW,5782450
Zaza Pachulia,http://www.spotrac.com/redirect/player/2203/,GSW,2898000
Kevon Looney,http://www.spotrac.com/redirect/player/17858/,GSW,1182840
Damian Jones,http://www.spotrac.com/redirect/player/20235/,GSW,1171560
David West,http://www.spotrac.com/redirect/player/2613/,GSW,980431
JaVale McGee,http://www.spotrac.com/redirect/player/6159/,GSW,980431
Ian Clark,http://www.spotrac.com/redirect/player/13442/,GSW,980431
James McAdoo,http://www.spotrac.com/redirect/player/15783/,GSW,980431
Patrick McCaw,http://www.spotrac.com/redirect/player/20244/,GSW,543471
Matt Barnes,http://www.spotrac.com/redirect/player/2313/,GSW,242224
Gordon Hayward,http://www.spotrac.com/redirect/player/6891/,UTA,16073140
Derrick Favors,http://www.spotrac.com/redirect/player/6884/,UTA,11050000
Joe Johnson,http://www.spotrac.com/redirect/player/2200/,UTA,11000000
Alec Burks,http://www.spotrac.com/redirect/player/8063/,UTA,10154495
George Hill,http://www.spotrac.com/redirect/player/6154/,UTA,8000000
Boris Diaw,http://www.spotrac.com/redirect/player/6089/,UTA,7000000
Dante Exum,http://www.spotrac.com/redirect/player/15357/,UTA,3940320
Shelvin Mack,http://www.spotrac.com/redirect/player/8086/,UTA,2433334
Trey Lyles,http://www.spotrac.com/redirect/player/17840/,UTA,2340600
Joe Ingles,http://www.spotrac.com/redirect/player/15852/,UTA,2150000
Rudy Gobert,http://www.spotrac.com/redirect/player/13340/,UTA,2121287
Rodney Hood,http://www.spotrac.com/redirect/player/15375/,UTA,1406520
Jeff Withey,http://www.spotrac.com/redirect/player/13352/,UTA,1015696
Raul Neto,http://www.spotrac.com/redirect/player/13360/,UTA,937800
Joel Bolomboy,http://www.spotrac.com/redirect/player/20258/,UTA,600000
Dwyane Wade,http://www.spotrac.com/redirect/player/2556/,CHI,23200000
Jimmy Butler,http://www.spotrac.com/redirect/player/8081/,CHI,18156361
Rajon Rondo,http://www.spotrac.com/redirect/player/2222/,CHI,14000000
Robin Lopez,http://www.spotrac.com/redirect/player/6147/,CHI,13219250
Nikola Mirotic,http://www.spotrac.com/redirect/player/8074/,CHI,5782450
Anthony Morrow,http://www.spotrac.com/redirect/player/6109/,CHI,3488000
Michael Carter-Williams,http://www.spotrac.com/redirect/player/13324/,CHI,3183526
Cameron Payne,http://www.spotrac.com/redirect/player/17842/,CHI,2112480
Denzel Valentine,http://www.spotrac.com/redirect/player/20219/,CHI,2092200
Joffrey Lauvergne,http://www.spotrac.com/redirect/player/13368/,CHI,1709719
Jerian Grant,http://www.spotrac.com/redirect/player/17847/,CHI,1643040
Bobby Portis,http://www.spotrac.com/redirect/player/17850/,CHI,1453680
Isaiah Canaan,http://www.spotrac.com/redirect/player/13347/,CHI,1015696
Cristiano Felicio,http://www.spotrac.com/redirect/player/17990/,CHI,874636
Paul Zipser,http://www.spotrac.com/redirect/player/20254/,CHI,750000
Luol Deng,http://www.spotrac.com/redirect/player/2240/,LAL,18000000
Timofey Mozgov,http://www.spotrac.com/redirect/player/7118/,LAL,16000000
Jordan Clarkson,http://www.spotrac.com/redirect/player/15398/,LAL,12500000
Corey Brewer,http://www.spotrac.com/redirect/player/2573/,LAL,7612172
Tarik Black,http://www.spotrac.com/redirect/player/15767/,LAL,6191000
Nick Young,http://www.spotrac.com/redirect/player/2770/,LAL,5443918
D'Angelo Russell,http://www.spotrac.com/redirect/player/17830/,LAL,5332800
Brandon Ingram,http://www.spotrac.com/redirect/player/20207/,LAL,5281680
Julius Randle,http://www.spotrac.com/redirect/player/15359/,LAL,3267120
Tyler Ennis,http://www.spotrac.com/redirect/player/15370/,LAL,1733880
Larry Nance Jr.,http://www.spotrac.com/redirect/player/17855/,LAL,1207680
Ivica Zubac,http://www.spotrac.com/redirect/player/20238/,LAL,1034956
Metta World Peace,http://www.spotrac.com/redirect/player/2687/,LAL,980431
Thomas Robinson,http://www.spotrac.com/redirect/player/10813/,LAL,980431
David Nwaba,http://www.spotrac.com/redirect/player/21577/,LAL,73528
Greg Monroe,http://www.spotrac.com/redirect/player/6889/,MIL,17145838
Khris Middleton,http://www.spotrac.com/redirect/player/10864/,MIL,15200000
John Henson,http://www.spotrac.com/redirect/player/10822/,MIL,12267606
Mirza Teletovic,http://www.spotrac.com/redirect/player/10905/,MIL,10500000
Matthew Dellavedova,http://www.spotrac.com/redirect/player/13478/,MIL,9607500
Spencer Hawes,http://www.spotrac.com/redirect/player/2690/,MIL,6348759
Jabari Parker,http://www.spotrac.com/redirect/player/15354/,MIL,5374320
Giannis Antetokounmpo,http://www.spotrac.com/redirect/player/13328/,MIL,2995421
Thon Maker,http://www.spotrac.com/redirect/player/20215/,MIL,2568600
Tony Snell,http://www.spotrac.com/redirect/player/13333/,MIL,2368327
Rashad Vaughn,http://www.spotrac.com/redirect/player/17845/,MIL,1811040
Michael Beasley,http://www.spotrac.com/redirect/player/6127/,MIL,1403611
Jason Terry,http://www.spotrac.com/redirect/player/2281/,MIL,980431
Malcolm Brogdon,http://www.spotrac.com/redirect/player/20242/,MIL,925000
Gary Payton II,http://www.spotrac.com/redirect/player/20272/,MIL,35166
Anthony Davis,http://www.spotrac.com/redirect/player/10809/,NOP,22116750
DeMarcus Cousins,http://www.spotrac.com/redirect/player/6886/,NOP,16957900
Jrue Holiday,http://www.spotrac.com/redirect/player/6316/,NOP,11286518
Solomon Hill,http://www.spotrac.com/redirect/player/13336/,NOP,11241218
Omer Asik,http://www.spotrac.com/redirect/player/7110/,NOP,9904494
E'Twaun Moore,http://www.spotrac.com/redirect/player/8107/,NOP,8081363
Alexis Ajinca,http://www.spotrac.com/redirect/player/6087/,NOP,4713203
Quincy Pondexter,http://www.spotrac.com/redirect/player/6908/,NOP,3617978
Dante Cunningham,http://www.spotrac.com/redirect/player/6321/,NOP,2978250
Tim Frazier,http://www.spotrac.com/redirect/player/15755/,NOP,2090000
Donatas Motiejunas,http://www.spotrac.com/redirect/player/8071/,NOP,576724
Cheick Diallo,http://www.spotrac.com/redirect/player/20239/,NOP,543471
Jordan Crawford,http://www.spotrac.com/redirect/player/6909/,NOP,173099
Axel Toupane,http://www.spotrac.com/redirect/player/18042/,NOP,25725
Quinn Cook,http://www.spotrac.com/redirect/player/18264/,NOP,15984
Danilo Gallinari,http://www.spotrac.com/redirect/player/6138/,DEN,15050000
Kenneth Faried,http://www.spotrac.com/redirect/player/8073/,DEN,12078652
Wilson Chandler,http://www.spotrac.com/redirect/player/2616/,DEN,11233146
Darrell Arthur,http://www.spotrac.com/redirect/player/6121/,DEN,8070175
Roy Hibbert,http://www.spotrac.com/redirect/player/6113/,DEN,5000000
Jameer Nelson,http://www.spotrac.com/redirect/player/2642/,DEN,4540525
Will Barton,http://www.spotrac.com/redirect/player/10865/,DEN,3533333
Mike Miller,http://www.spotrac.com/redirect/player/2539/,DEN,3500000
Emmanuel Mudiay,http://www.spotrac.com/redirect/player/17835/,DEN,3241800
Jamal Murray,http://www.spotrac.com/redirect/player/20212/,DEN,3210840
Mason Plumlee,http://www.spotrac.com/redirect/player/13335/,DEN,2328530
Juan Hernangomez,http://www.spotrac.com/redirect/player/20220/,DEN,1987440
Gary Harris,http://www.spotrac.com/redirect/player/15371/,DEN,1655880
Malik Beasley,http://www.spotrac.com/redirect/player/20224/,DEN,1627320
Nikola Jokic,http://www.spotrac.com/redirect/player/15393/,DEN,1358500
Dirk Nowitzki,http://www.spotrac.com/redirect/player/2279/,DAL,25000000
Harrison Barnes,http://www.spotrac.com/redirect/player/10815/,DAL,22116750
Wesley Matthews,http://www.spotrac.com/redirect/player/6489/,DAL,17145838
Dwight Powell,http://www.spotrac.com/redirect/player/15397/,DAL,8375000
Nerlens Noel,http://www.spotrac.com/redirect/player/13319/,DAL,4384490
Devin Harris,http://www.spotrac.com/redirect/player/2592/,DAL,4227996
Jose Barea,http://www.spotrac.com/redirect/player/2269/,DAL,4096950
Seth Curry,http://www.spotrac.com/redirect/player/13512/,DAL,2898000
DeAndre Liggins,http://www.spotrac.com/redirect/player/8105/,DAL,1015696
Salah Mejri,http://www.spotrac.com/redirect/player/18067/,DAL,874636
A.J. Hammons,http://www.spotrac.com/redirect/player/20252/,DAL,650000
Nicolas Brussino,http://www.spotrac.com/redirect/player/20754/,DAL,543471
Dorian Finney-Smith,http://www.spotrac.com/redirect/player/20757/,DAL,543471
Yogi Ferrell,http://www.spotrac.com/redirect/player/20283/,DAL,207798
Jarrod Uthoff,http://www.spotrac.com/redirect/player/20896/,DAL,47953
Carmelo Anthony,http://www.spotrac.com/redirect/player/2283/,NYK,24559380
Derrick Rose,http://www.spotrac.com/redirect/player/6095/,NYK,21323252
Courtney Lee,http://www.spotrac.com/redirect/player/6144/,NYK,11242000
Lance Thomas,http://www.spotrac.com/redirect/player/8713/,NYK,6191000
Kristaps Porzingis,http://www.spotrac.com/redirect/player/17832/,NYK,4317720
Kyle O'Quinn,http://www.spotrac.com/redirect/player/10874/,NYK,3918750
Mindaugas Kuzminskas,http://www.spotrac.com/redirect/player/20688/,NYK,2898000
Willy Hernangomez,http://www.spotrac.com/redirect/player/17863/,NYK,1375000
Justin Holiday,http://www.spotrac.com/redirect/player/11441/,NYK,1015696
Sasha Vujacic,http://www.spotrac.com/redirect/player/2526/,NYK,980431
Ron Baker,http://www.spotrac.com/redirect/player/20278/,NYK,543471
Maurice N'dour,http://www.spotrac.com/redirect/player/18047/,NYK,543471
Marshall Plumlee,http://www.spotrac.com/redirect/player/20282/,NYK,543471
Chasson Randle,http://www.spotrac.com/redirect/player/20940/,NYK,143860
LaMarcus Aldridge,http://www.spotrac.com/redirect/player/2672/,SAS,20575005
Kawhi Leonard,http://www.spotrac.com/redirect/player/8066/,SAS,17638063
Pau Gasol,http://www.spotrac.com/redirect/player/2518/,SAS,15500000
Tony Parker,http://www.spotrac.com/redirect/player/2710/,SAS,14445313
Manu Ginobili,http://www.spotrac.com/redirect/player/2705/,SAS,14000000
Danny Green,http://www.spotrac.com/redirect/player/6277/,SAS,10000000
Patrick Mills,http://www.spotrac.com/redirect/player/6322/,SAS,3578948
Dewayne Dedmon,http://www.spotrac.com/redirect/player/13536/,SAS,2898000
David Lee,http://www.spotrac.com/redirect/player/2623/,SAS,1551659
Kyle Anderson,http://www.spotrac.com/redirect/player/15382/,SAS,1192080
Dejounte Murray,http://www.spotrac.com/redirect/player/20234/,SAS,1180080
Jonathon Simmons,http://www.spotrac.com/redirect/player/17983/,SAS,874636
Davis Bertans,http://www.spotrac.com/redirect/player/8094/,SAS,543471
Bryn Forbes,http://www.spotrac.com/redirect/player/20796/,SAS,543471
Joel Anthony,http://www.spotrac.com/redirect/player/2543/,SAS,346034
Russell Westbrook,http://www.spotrac.com/redirect/player/6141/,OKC,26540100
Enes Kanter,http://www.spotrac.com/redirect/player/8053/,OKC,17145838
Taj Gibson,http://www.spotrac.com/redirect/player/6278/,OKC,8950000
Victor Oladipo,http://www.spotrac.com/redirect/player/13315/,OKC,6552960
Alex Abrines,http://www.spotrac.com/redirect/player/13345/,OKC,5994764
Kyle Singler,http://www.spotrac.com/redirect/player/8085/,OKC,4837500
Nick Collison,http://www.spotrac.com/redirect/player/2715/,OKC,3750000
Steven Adams,http://www.spotrac.com/redirect/player/13325/,OKC,3140517
Doug McDermott,http://www.spotrac.com/redirect/player/15363/,OKC,2483040
Domantas Sabonis,http://www.spotrac.com/redirect/player/20216/,OKC,2440200
Andre Roberson,http://www.spotrac.com/redirect/player/13339/,OKC,2183072
Josh Huestis,http://www.spotrac.com/redirect/player/15381/,OKC,1191480
Jerami Grant,http://www.spotrac.com/redirect/player/15391/,OKC,980431
Semaj Christon,http://www.spotrac.com/redirect/player/15407/,OKC,543471
Norris Cole,http://www.spotrac.com/redirect/player/8079/,OKC,247991
Chris Bosh,http://www.spotrac.com/redirect/player/2732/,MIA,23741060
Hassan Whiteside,http://www.spotrac.com/redirect/player/6915/,MIA,22116750
Goran Dragic,http://www.spotrac.com/redirect/player/6146/,MIA,15891725
Wayne Ellington,http://www.spotrac.com/redirect/player/6302/,MIA,6000000
Josh McRoberts,http://www.spotrac.com/redirect/player/2678/,MIA,5782450
Tyler Johnson,http://www.spotrac.com/redirect/player/15645/,MIA,5628000
Udonis Haslem,http://www.spotrac.com/redirect/player/2549/,MIA,4000000
James Johnson,http://www.spotrac.com/redirect/player/6279/,MIA,4000000
Dion Waiters,http://www.spotrac.com/redirect/player/10812/,MIA,2898000
Justise Winslow,http://www.spotrac.com/redirect/player/17838/,MIA,2593440
Luke Babbitt,http://www.spotrac.com/redirect/player/6898/,MIA,1227286
Willie Reed,http://www.spotrac.com/redirect/player/11665/,MIA,1015696
Josh Richardson,http://www.spotrac.com/redirect/player/17868/,MIA,874636
Rodney McGruder,http://www.spotrac.com/redirect/player/13575/,MIA,543471
Okaro White,http://www.spotrac.com/redirect/player/20798/,MIA,210995
Al Horford,http://www.spotrac.com/redirect/player/2199/,BOS,26540100
Amir Johnson,http://www.spotrac.com/redirect/player/2304/,BOS,12000000
Avery Bradley,http://www.spotrac.com/redirect/player/6901/,BOS,8269663
Tyler Zeller,http://www.spotrac.com/redirect/player/10825/,BOS,8000000
Isaiah Thomas,http://www.spotrac.com/redirect/player/8111/,BOS,6587132
Jae Crowder,http://www.spotrac.com/redirect/player/10859/,BOS,6286408
Jonas Jerebko,http://www.spotrac.com/redirect/player/6285/,BOS,5000000
Jaylen Brown,http://www.spotrac.com/redirect/player/20208/,BOS,4743000
Marcus Smart,http://www.spotrac.com/redirect/player/15358/,BOS,3578880
Kelly Olynyk,http://www.spotrac.com/redirect/player/13326/,BOS,3094014
Terry Rozier,http://www.spotrac.com/redirect/player/17844/,BOS,1906440
James Young,http://www.spotrac.com/redirect/player/15369/,BOS,1825200
Demetrius Jackson,http://www.spotrac.com/redirect/player/20251/,BOS,1450000
Jordan Mickey,http://www.spotrac.com/redirect/player/17861/,BOS,1223653
Gerald Green,http://www.spotrac.com/redirect/player/6100/,BOS,980431
Brook Lopez,http://www.spotrac.com/redirect/player/6136/,BKN,21165675
Jeremy Lin,http://www.spotrac.com/redirect/player/7115/,BKN,11483254
Trevor Booker,http://www.spotrac.com/redirect/player/6905/,BKN,9250000
Andrew Nicholson,http://www.spotrac.com/redirect/player/10844/,BKN,6088993
K.J. McDaniels,http://www.spotrac.com/redirect/player/15384/,BKN,3333333
Justin Hamilton,http://www.spotrac.com/redirect/player/10870/,BKN,3000000
Randy Foye,http://www.spotrac.com/redirect/player/2576/,BKN,2500000
Quincy Acy,http://www.spotrac.com/redirect/player/10862/,BKN,1790092
Caris LeVert,http://www.spotrac.com/redirect/player/20225/,BKN,1562280
Rondae Hollis-Jefferson,http://www.spotrac.com/redirect/player/17851/,BKN,1395600
Isaiah Whitehead,http://www.spotrac.com/redirect/player/20248/,BKN,1074145
Joe Harris,http://www.spotrac.com/redirect/player/15385/,BKN,980431
Sean Kilpatrick,http://www.spotrac.com/redirect/player/15922/,BKN,980431
Spencer Dinwiddie,http://www.spotrac.com/redirect/player/15390/,BKN,726672
Archie Goodwin,http://www.spotrac.com/redirect/player/13342/,BKN,75000
Paul George,http://www.spotrac.com/redirect/player/6892/,IND,18314532
Thaddeus Young,http://www.spotrac.com/redirect/player/2658/,IND,14153652
Monta Ellis,http://www.spotrac.com/redirect/player/2318/,IND,10763500
Al Jefferson,http://www.spotrac.com/redirect/player/2579/,IND,10230179
Jeff Teague,http://www.spotrac.com/redirect/player/6272/,IND,8800000
C.J. Miles,http://www.spotrac.com/redirect/player/2753/,IND,4583450
Lance Stephenson,http://www.spotrac.com/redirect/player/6922/,IND,4000000
LaVoy Allen,http://www.spotrac.com/redirect/player/8102/,IND,4000000
Aaron Brooks,http://www.spotrac.com/redirect/player/2390/,IND,2700000
Myles Turner,http://www.spotrac.com/redirect/player/17839/,IND,2463840
Kevin Seraphin,http://www.spotrac.com/redirect/player/6899/,IND,1800000
Rakeem Christmas,http://www.spotrac.com/redirect/player/17864/,IND,1052342
Joseph Young,http://www.spotrac.com/redirect/player/17871/,IND,1052342
Glen Robinson III,http://www.spotrac.com/redirect/player/15392/,IND,1050500
Georges Niang,http://www.spotrac.com/redirect/player/20256/,IND,650000
Nicolas Batum,http://www.spotrac.com/redirect/player/6149/,CHA,20869565
Michael Kidd-Gilchrist,http://www.spotrac.com/redirect/player/10810/,CHA,13000000
Miles Plumlee,http://www.spotrac.com/redirect/player/10851/,CHA,12500000
Marvin Williams,http://www.spotrac.com/redirect/player/2208/,CHA,12250000
Kemba Walker,http://www.spotrac.com/redirect/player/8059/,CHA,12000000
Jeremy Lamb,http://www.spotrac.com/redirect/player/10820/,CHA,6511628
Marco Belinelli,http://www.spotrac.com/redirect/player/2314/,CHA,6333333
Ramon Sessions,http://www.spotrac.com/redirect/player/2566/,CHA,6000000
Cody Zeller,http://www.spotrac.com/redirect/player/13317/,CHA,5318313
Frank Kaminsky,http://www.spotrac.com/redirect/player/17837/,CHA,2730000
Brian Roberts,http://www.spotrac.com/redirect/player/11160/,CHA,980431
Christian Wood,http://www.spotrac.com/redirect/player/18218/,CHA,874636
Treveon Graham,http://www.spotrac.com/redirect/player/18124/,CHA,543471
Johnny O'Bryant,http://www.spotrac.com/redirect/player/15388/,CHA,161483
Briante Weber,http://www.spotrac.com/redirect/player/18287/,CHA,128623
Bradley Beal,http://www.spotrac.com/redirect/player/10811/,WAS,22116750
John Wall,http://www.spotrac.com/redirect/player/6882/,WAS,16957900
Ian Mahinmi,http://www.spotrac.com/redirect/player/2708/,WAS,15944154
Marcin Gortat,http://www.spotrac.com/redirect/player/2639/,WAS,12000000
Markieff Morris,http://www.spotrac.com/redirect/player/8064/,WAS,7400000
Otto Porter Jr.,http://www.spotrac.com/redirect/player/13316/,WAS,5893981
Jason Smith,http://www.spotrac.com/redirect/player/2656/,WAS,5000000
Bojan Bogdanovic,http://www.spotrac.com/redirect/player/8083/,WAS,3730653
Trey Burke,http://www.spotrac.com/redirect/player/13322/,WAS,3386598
Tomas Satoransky,http://www.spotrac.com/redirect/player/10857/,WAS,2870813
Kelly Oubre,http://www.spotrac.com/redirect/player/17843/,WAS,2006640
Brandon Jennings,http://www.spotrac.com/redirect/player/6299/,WAS,1200000
Chris McCullough,http://www.spotrac.com/redirect/player/17857/,WAS,1191480
Sheldon McLellan,http://www.spotrac.com/redirect/player/20279/,WAS,543471
Daniel Ochefu,http://www.spotrac.com/redirect/player/20746/,WAS,543471
Rudy Gay,http://www.spotrac.com/redirect/player/2534/,SAC,13333333
Arron Afflalo,http://www.spotrac.com/redirect/player/2297/,SAC,12500000
Tyreke Evans,http://www.spotrac.com/redirect/player/6326/,SAC,10661286
Kosta Koufos,http://www.spotrac.com/redirect/player/6254/,SAC,8046500
Garrett Temple,http://www.spotrac.com/redirect/player/6492/,SAC,8000000
Anthony Tolliver,http://www.spotrac.com/redirect/player/6483/,SAC,8000000
Darren Collison,http://www.spotrac.com/redirect/player/6307/,SAC,5229454
Langston Galloway,http://www.spotrac.com/redirect/player/15824/,SAC,5200000
Ben McLemore,http://www.spotrac.com/redirect/player/13320/,SAC,4008882
Willie Cauley-Stein,http://www.spotrac.com/redirect/player/17834/,SAC,3551160
Buddy Hield,http://www.spotrac.com/redirect/player/20211/,SAC,3517200
Georgios Papagiannis,http://www.spotrac.com/redirect/player/20218/,SAC,2202240
Malachi Richardson,http://www.spotrac.com/redirect/player/20227/,SAC,1439880
Skal Labissiere,http://www.spotrac.com/redirect/player/20233/,SAC,1188840
Ty Lawson,http://www.spotrac.com/redirect/player/6283/,SAC,980431
LeBron James,http://www.spotrac.com/redirect/player/2257/,CLE,30963450
Kevin Love,http://www.spotrac.com/redirect/player/6132/,CLE,21165675
Kyrie Irving,http://www.spotrac.com/redirect/player/8051/,CLE,17638063
Tristan Thompson,http://www.spotrac.com/redirect/player/8054/,CLE,15330435
J.R. Smith,http://www.spotrac.com/redirect/player/2296/,CLE,12800000
Iman Shumpert,http://www.spotrac.com/redirect/player/8068/,CLE,9662921
Channing Frye,http://www.spotrac.com/redirect/player/2674/,CLE,7806971
Kyle Korver,http://www.spotrac.com/redirect/player/2752/,CLE,5239437
Richard Jefferson,http://www.spotrac.com/redirect/player/2594/,CLE,2500000
James Jones,http://www.spotrac.com/redirect/player/2676/,CLE,980431
Kay Felder,http://www.spotrac.com/redirect/player/20260/,CLE,543471
Deron Williams,http://www.spotrac.com/redirect/player/2757/,CLE,259526
Derrick Williams,http://www.spotrac.com/redirect/player/8052/,CLE,230690
Dahntay Jones,http://www.spotrac.com/redirect/player/6104/,CLE,5767
Walter Tavares,http://www.spotrac.com/redirect/player/15395/,CLE,5145
Mike Conley,http://www.spotrac.com/redirect/player/2532/,MEM,26540100
Chandler Parsons,http://www.spotrac.com/redirect/player/8090/,MEM,22116750
Marc Gasol,http://www.spotrac.com/redirect/player/6122/,MEM,21165675
Zach Randolph,http://www.spotrac.com/redirect/player/2626/,MEM,10361445
Brandan Wright,http://www.spotrac.com/redirect/player/2325/,MEM,5709880
Tony Allen,http://www.spotrac.com/redirect/player/2210/,MEM,5505618
Vince Carter,http://www.spotrac.com/redirect/player/2590/,MEM,4264057
Troy Daniels,http://www.spotrac.com/redirect/player/13383/,MEM,3332940
James Ennis,http://www.spotrac.com/redirect/player/13363/,MEM,2898000
Wade Baldwin,http://www.spotrac.com/redirect/player/20222/,MEM,1793760
Deyonta Davis,http://www.spotrac.com/redirect/player/20237/,MEM,1369229
Jarell Martin,http://www.spotrac.com/redirect/player/17853/,MEM,1286160
JaMychal Green,http://www.spotrac.com/redirect/player/11666/,MEM,980431
Andrew Harrison,http://www.spotrac.com/redirect/player/17872/,MEM,945000
Wayne Selden,http://www.spotrac.com/redirect/player/20921/,MEM,83119
James Harden,http://www.spotrac.com/redirect/player/6312/,HOU,26540100
Ryan Anderson,http://www.spotrac.com/redirect/player/6133/,HOU,18735363
Eric Gordon,http://www.spotrac.com/redirect/player/6116/,HOU,12385364
Trevor Ariza,http://www.spotrac.com/redirect/player/2513/,HOU,7806971
Louis Williams,http://www.spotrac.com/redirect/player/2657/,HOU,7000000
Patrick Beverley,http://www.spotrac.com/redirect/player/6297/,HOU,6000000
Nene Hilario,http://www.spotrac.com/redirect/player/6103/,HOU,2898000
Sam Dekker,http://www.spotrac.com/redirect/player/17846/,HOU,1720560
Clint Capela,http://www.spotrac.com/redirect/player/15377/,HOU,1296240
Montrezl Harrell,http://www.spotrac.com/redirect/player/17860/,HOU,1045000
Bobby Brown,http://www.spotrac.com/redirect/player/6131/,HOU,680534
Chinanu Onuaku,http://www.spotrac.com/redirect/player/20243/,HOU,543471
Kyle Wiltjer,http://www.spotrac.com/redirect/player/20274/,HOU,543471
Isaiah Taylor,http://www.spotrac.com/redirect/player/20273/,HOU,255000
Troy Williams,http://www.spotrac.com/redirect/player/20919/,HOU,76725
DeMar DeRozan,http://www.spotrac.com/redirect/player/6327/,TOR,26540100
Jonas Valanciunas,http://www.spotrac.com/redirect/player/8055/,TOR,14382022
DeMarre Carroll,http://www.spotrac.com/redirect/player/6294/,TOR,14200000
Serge Ibaka,http://www.spotrac.com/redirect/player/6313/,TOR,12250000
Kyle Lowry,http://www.spotrac.com/redirect/player/2536/,TOR,12000000
Cory Joseph,http://www.spotrac.com/redirect/player/8080/,TOR,7315000
Patrick Patterson,http://www.spotrac.com/redirect/player/6896/,TOR,6050000
P.J. Tucker,http://www.spotrac.com/redirect/player/11059/,TOR,5300000
Jakob Poeltl,http://www.spotrac.com/redirect/player/20214/,TOR,2703960
Lucas Nogueira,http://www.spotrac.com/redirect/player/13329/,TOR,1921320
Bruno Caboclo,http://www.spotrac.com/redirect/player/15372/,TOR,1589640
Delon Wright,http://www.spotrac.com/redirect/player/17848/,TOR,1577280
Pascal Siakam,http://www.spotrac.com/redirect/player/20232/,TOR,1196040
Norman Powell,http://www.spotrac.com/redirect/player/17874/,TOR,874636
Fred VanVleet,http://www.spotrac.com/redirect/player/20778/,TOR,543471
Chris Paul,http://www.spotrac.com/redirect/player/2609/,LAC,23199328
DeAndre Jordan,http://www.spotrac.com/redirect/player/6117/,LAC,21165675
Blake Griffin,http://www.spotrac.com/redirect/player/6501/,LAC,20140838
Jamal Crawford,http://www.spotrac.com/redirect/player/2618/,LAC,13253012
Austin Rivers,http://www.spotrac.com/redirect/player/10818/,LAC,11000000
J.J. Redick,http://www.spotrac.com/redirect/player/2643/,LAC,7377500
Wesley Johnson,http://www.spotrac.com/redirect/player/6885/,LAC,5628000
Paul Pierce,http://www.spotrac.com/redirect/player/2217/,LAC,3527920
Luc Richard Mbah a Moute,http://www.spotrac.com/redirect/player/6130/,LAC,2203000
Marreese Speights,http://www.spotrac.com/redirect/player/6145/,LAC,1403611
Brice Johnson,http://www.spotrac.com/redirect/player/20230/,LAC,1273920
Brandon Bass,http://www.spotrac.com/redirect/player/2270/,LAC,980431
Raymond Felton,http://www.spotrac.com/redirect/player/2229/,LAC,980431
Alan Anderson,http://www.spotrac.com/redirect/player/9261/,LAC,980431
Diamond Stone,http://www.spotrac.com/redirect/player/20246/,LAC,543471
Eric Bledsoe,http://www.spotrac.com/redirect/player/6900/,PHX,14000000
Brandon Knight,http://www.spotrac.com/redirect/player/8058/,PHX,12606250
Tyson Chandler,http://www.spotrac.com/redirect/player/2605/,PHX,12415000
Jared Dudley,http://www.spotrac.com/redirect/player/2228/,PHX,10470000
Alex Len,http://www.spotrac.com/redirect/player/13318/,PHX,4823621
Dragan Bender,http://www.spotrac.com/redirect/player/20209/,PHX,4276320
Leandro Barbosa,http://www.spotrac.com/redirect/player/2659/,PHX,4000000
Marquese Chriss,http://www.spotrac.com/redirect/player/20213/,PHX,2941440
Devin Booker,http://www.spotrac.com/redirect/player/17841/,PHX,2223600
T.J. Warren,http://www.spotrac.com/redirect/player/15366/,PHX,2128920
Tyler Ulis,http://www.spotrac.com/redirect/player/20240/,PHX,918369
Alan Williams,http://www.spotrac.com/redirect/player/18820/,PHX,874636
Derrick Jones Jr.,http://www.spotrac.com/redirect/player/21067/,PHX,543471
Ronnie Price,http://www.spotrac.com/redirect/player/2756/,PHX,276828
Elijah Millsap,http://www.spotrac.com/redirect/player/15823/,PHX,23069
Ricky Rubio,http://www.spotrac.com/redirect/player/6305/,MIN,13575000
Cole Aldrich,http://www.spotrac.com/redirect/player/6893/,MIN,7643979
Andrew Wiggins,http://www.spotrac.com/redirect/player/15353/,MIN,6006600
Karl-Anthony Towns,http://www.spotrac.com/redirect/player/17829/,MIN,5960160
Jordan Hill,http://www.spotrac.com/redirect/player/6310/,MIN,4000000
Kris Dunn,http://www.spotrac.com/redirect/player/20210/,MIN,3872520
Nemanja Bjelica,http://www.spotrac.com/redirect/player/6917/,MIN,3800000
Brandon Rush,http://www.spotrac.com/redirect/player/6114/,MIN,3500000
Shabazz Muhammad,http://www.spotrac.com/redirect/player/13327/,MIN,3046299
Gorgui Dieng,http://www.spotrac.com/redirect/player/13334/,MIN,2348783
Zach LaVine,http://www.spotrac.com/redirect/player/15365/,MIN,2240880
Adreian Payne,http://www.spotrac.com/redirect/player/15367/,MIN,2022240
Tyus Jones,http://www.spotrac.com/redirect/player/17852/,MIN,1339680
Omri Casspi,http://www.spotrac.com/redirect/player/6325/,MIN,138414
Bismack Biyombo,http://www.spotrac.com/redirect/player/8057/,ORL,17000000
Evan Fournier,http://www.spotrac.com/redirect/player/10845/,ORL,17000000
Jeff Green,http://www.spotrac.com/redirect/player/2720/,ORL,15000000
Nikola Vucevic,http://www.spotrac.com/redirect/player/8067/,ORL,11750000
Terrence Ross,http://www.spotrac.com/redirect/player/10816/,ORL,10000000
D.J. Augustin,http://www.spotrac.com/redirect/player/6088/,ORL,7250000
Jodie Meeks,http://www.spotrac.com/redirect/player/6300/,ORL,6540000
C.J. Watson,http://www.spotrac.com/redirect/player/2324/,ORL,5000000
Aaron Gordon,http://www.spotrac.com/redirect/player/15356/,ORL,4351320
Mario Hezonja,http://www.spotrac.com/redirect/player/17833/,ORL,3909840
Elfrid Payton,http://www.spotrac.com/redirect/player/15362/,ORL,2613600
Damjan Rudez,http://www.spotrac.com/redirect/player/15567/,ORL,980431
Stephen Zimmerman,http://www.spotrac.com/redirect/player/20247/,ORL,950000
Patricio Garino,http://www.spotrac.com/redirect/player/20923/,ORL,150000
Marcus Georges-Hunt,http://www.spotrac.com/redirect/player/20982/,ORL,100000
Dwight Howard,http://www.spotrac.com/redirect/player/2640/,ATL,23180275
Paul Millsap,http://www.spotrac.com/redirect/player/2754/,ATL,20072033
Kent Bazemore,http://www.spotrac.com/redirect/player/11079/,ATL,15730338
Ersan Ilyasova,http://www.spotrac.com/redirect/player/6341/,ATL,8400000
Mike Dunleavy,http://www.spotrac.com/redirect/player/2406/,ATL,4837500
Kris Humphries,http://www.spotrac.com/redirect/player/2739/,ATL,4000000
Thabo Sefolosha,http://www.spotrac.com/redirect/player/2250/,ATL,3850000
Dennis Schr√∂der,http://www.spotrac.com/redirect/player/13330/,ATL,2708582
Malcom Delaney,http://www.spotrac.com/redirect/player/20666/,ATL,2500000
Taurean Prince,http://www.spotrac.com/redirect/player/20217/,ATL,2318280
Tim Hardaway Jr.,http://www.spotrac.com/redirect/player/13337/,ATL,2281605
DeAndre' Bembry,http://www.spotrac.com/redirect/player/20226/,ATL,1499760
Mike Muscala,http://www.spotrac.com/redirect/player/13357/,ATL,1015696
Ryan Kelly,http://www.spotrac.com/redirect/player/13361/,ATL,286785
Jose Calderon,http://www.spotrac.com/redirect/player/2734/,ATL,247991
Damian Lillard,http://www.spotrac.com/redirect/player/10814/,POR,24328425
Allen Crabbe,http://www.spotrac.com/redirect/player/13344/,POR,18500000
Evan Turner,http://www.spotrac.com/redirect/player/6883/,POR,16393443
Maurice Harkless,http://www.spotrac.com/redirect/player/10823/,POR,9488764
Meyers Leonard,http://www.spotrac.com/redirect/player/10819/,POR,9213483
Al-Farouq Aminu,http://www.spotrac.com/redirect/player/6890/,POR,7680965
Festus Ezeli,http://www.spotrac.com/redirect/player/10855/,POR,7400000
Ed Davis,http://www.spotrac.com/redirect/player/6895/,POR,6666667
C.J. McCollum,http://www.spotrac.com/redirect/player/13323/,POR,3219579
Noah Vonleh,http://www.spotrac.com/redirect/player/15361/,POR,2751360
Jusuf Nurkic,http://www.spotrac.com/redirect/player/15368/,POR,1921320
Shabazz Napier,http://www.spotrac.com/redirect/player/15376/,POR,1350120
Pat Connaughton,http://www.spotrac.com/redirect/player/17869/,POR,874636
Jake Layman,http://www.spotrac.com/redirect/player/20253/,POR,600000
Tim Quarterman,http://www.spotrac.com/redirect/player/20910/,POR,543471
Andre Drummond,http://www.spotrac.com/redirect/player/10817/,DET,22116750
Tobias Harris,http://www.spotrac.com/redirect/player/8070/,DET,17200000
Reggie Jackson,http://www.spotrac.com/redirect/player/8075/,DET,14956522
Jon Leuer,http://www.spotrac.com/redirect/player/8092/,DET,10991957
Boban Marjanovic,http://www.spotrac.com/redirect/player/17984/,DET,7000000
Aron Baynes,http://www.spotrac.com/redirect/player/11850/,DET,6500000
Ishmael Smith,http://www.spotrac.com/redirect/player/7116/,DET,6000000
Marcus Morris,http://www.spotrac.com/redirect/player/8065/,DET,4625000
Kentavious Caldwell-Pope,http://www.spotrac.com/redirect/player/13321/,DET,3678319
Stanley Johnson,http://www.spotrac.com/redirect/player/17836/,DET,2969880
Reggie Bullock,http://www.spotrac.com/redirect/player/13338/,DET,2255644
Henry Ellenson,http://www.spotrac.com/redirect/player/20223/,DET,1704120
Beno Udrih,http://www.spotrac.com/redirect/player/2697/,DET,980431
Darrun Hilliard II,http://www.spotrac.com/redirect/player/17866/,DET,874636
Michael Gbinije,http://www.spotrac.com/redirect/player/20255/,DET,650000
